KOD;CODESTART;CODEEND;CS;RINGM;MAGE;FAGE;4CAT;MTARS;MMASS;FMASS;FTARS;FRING;EPP;LD;EPC;BOX;BOX ID;YEAR;GS;FAGE2;Brood size;Number of EPY;procent
RO4C2009;2009096;2009110;10;1EP47474;P2;2;OY;17.1;11.6;15.5;12.6;1EP47403;EPY;20;1;RO4C;2009RO4C;2009;NA;YEARLING;8;1;12.5
FO612009;2009097;2009111;11;1EP47447;P2;P2;OO;16.9;11.4;16.5;12.7;1EP47400;WPY;21;0;FO61;2009FO61;2009;-0.009604796;OLDER;6;0;0
FP762010;2010086;2010100;10;1EP48125;P2;P2;OO;16.77;12.3;17.15;12.2;1EP47404;EPY;NA;1;FP76;2010FP76;2010;0.162645464;OLDER;8;1;12.5
AN252010;2010087;2010101;11;1EP48124;P2;2;OY;17.86;12.8;16.74;10.7;1EP46477;WPY;NA;0;AN25;2010AN25;2010;NA;YEARLING;10;0;0
BJ22010;2010088;2010102;12;1ER02209;2;P2;YO;17.42;11.9;15.69;11.1;1EP46799;WPY;NA;0;BJ2;2010BJ2;2010;0.049729511;OLDER;9;0;0
BO62010;2010090;2010104;14;1EP48361;P2;2;OY;16.91;12.7;16.78;12.3;1EP46450;WPY;NA;0;BO6;2010BO6;2010;-0.143953366;YEARLING;7;0;0
GR192011;2011087;2011101;11;1EL97629;P2;P2;OO;17.2;11.1;16.45;11.1;1ER03644;EPY;NA;1;GR19;2011GR19;2011;-0.006874233;OLDER;12;2;16.66666667
OJ1282011;2011097;2011111;11;1EP47311;2;P2;OY;16.82;11;16.95;11.1;1ER03633;WPY;21;0;OJ128;2011OJ128;2011;-0.057928022;OLDER;9;0;0
RO202011;2011098;2011112;12;1ER03658;2;2;YY;17.43;12.3;17.43;11.2;1ER03657;EPY;22;1;RO20;2011RO20;2011;0.144061325;YEARLING;10;3;30
RE47C2011;2011098;2011112;10;1EP46492;P2;P2;OO;18.06;11.5;16.81;11.8;1EP47401;WPY;22;0;RE47C;2011RE47C;2011;-0.087057888;OLDER;10;0;0
OJ188B2014;2014093;2014107;10;1EX15062;P2;P2;OO;17.6;11.1;10.6;16.2;1ET41996;NA;17;0;OJ188B;;2014;;;;;
FK40A2014;2014094;2014108;12;1EX15411;2;2;YY;17.1;10.5;11;16.9;1EX15007;WPY;18;0;FK40A;;2014;;;;;
GR6A2014;2014094;2014108;13;1ET98205;P2;2;OY;17.5;11.2;10.9;17;1ET50624;WPY;18;0;GR6A;;2014;;;;;
GR9A2014;2014095;2014109;12;1ET42510;P2;2;OY;16.6;11.4;11.1;17.1;1ET50626;NA;19;0;GR9A;;2014;;;;;
OJ168A2014;2014096;2014110;12;1EX15412;2;2;YY;17.3;10.9;9.9;17.3;1ET98117;WPY;20;0;OJ168A;;2014;;;;;
FK43B2014;2014097;2014111;12;1EX15086;P2;2;OY;16.8;11;11.1;16.5;1EX15004;NA;21;0;FK43B;;2014;;;;;
GR61A2014;2014098;2014112;9;1EX15063;2;2;YY;17.6;11.6;9.8;15.9;1ET50625;WPY;22;0;GR61A;;2014;;;;;
OJ94A2014;2014098;2014112;12;1EX15405;2;2;YY;17;10.6;10.9;16.6;1ET50635;EPY;22;1;OJ94A;;2014;;;;;
OJ215A2014;2014098;2014112;11;1EP46797;P2;2;OY;17;10.5;11.4;17.5;1ET97070;EPY;22;1;OJ215A;;2014;;;;;
FP13B2014;2014099;2014113;10;1EX15421;2;P2;YO;17.5;11.8;12.2;17.2;1ET41698;NA;23;0;FP13B;;2014;;;;;
OJ115A2014;2014099;2014113;11;1EX15095;2;P2;YO;17.4;11.7;11.4;15.9;1ET97086;WPY;23;0;OJ115A;;2014;;;;;
FO10B2014;2014099;2014113;11;1EX15064;2;2;YY;16.8;11.1;11.4;16.5;1ET50630;EPY;23;1;FO10B;;2014;;;;;
FK36A2014;2014099;2014113;12;1EX15418;2;2;YY;17.5;11.9;12;16.9;1EX15009;EPY;23;1;FK36A;;2014;;;;;
FON108A2014;2014099;2014113;11;1ET97097;P2;2;OY;17.1;12.2;11.4;16.9;1ET50634;NA;23;0;FON108A;;2014;;;;;
FP67B2014;2014099;2014113;12;1EX15416;P2;P2;OO;16.7;12.3;10.6;16.8;1ET50854;EPY;23;1;FP67B;;2014;;;;;
GR48A2016;2016092;2016106;10;1EX30302;P2;2;OY;17.39;NA;NA;17.19;1EX14211;WPY;15;0;GR48A;;2016;;;;;
RO3D2016;2016093;2016107;14;1ET50079;P2;P2;OO;16.87;11.68;14.9;17.15;1ET50633;WPY;16;0;RO3D;;2016;;;;;
BS54A2016;2016096;2016110;11;1EX30310;2;2;YY;16.75;12.09;10.55;16.82;1EX30309;WPY;19;0;BS54A;;2016;;;;;
FK17D2016;2016096;2016110;12;1ET41986;P2;P2;OO;17.56;11.39;10.48;16.55;1EX28906;WPY;19;0;FK17D;;2016;;;;;
RO8A2016;2016097;2016111;12;1EX28902;2;2;YY;16.89;11.4;10.53;16.2;1EX28903;WPY;20;0;RO8A;;2016;;;;;
FA22B2016;2016097;2016111;9;1ET96966;P2;2;OY;NA;NA;10.18;16.43;1EX15807;EPP;20;1;FA22B;;2016;;;;;
GR64C2016;2016098;2016112;9;1EX14257;2;P2;YO;17.15;NA;NA;16.86;1ET96980;WPY;21;0;GR64C;;2016;;;;;
GR32A2016;2016098;2016112;10;NA;NA;P2;NA;NA;NA;11.3;16.81;1ET97291;WPY;21;0;GR32A;;2016;;;;;
FKIII11A2016;2016098;2016112;15;1EX14420;P2;P2;OO;18.1;11.53;11.42;16.55;1EX30159;WPY;21;0;FKIII11A;;2016;;;;;
OJ128A2016;2016099;2016113;8;1EX14528;2;P2;YO;16.98;NA;11.41;17.23;1EX15788;EPP;22;1;OJ128A;;2016;;;;;
GR24A2016;2016099;2016113;NA;1EX28904;2;2;YY;16.57;10.23;12.19;17.09;1EX30311;WPY;22;0;GR24A;;2016;;;;;
FA472009;2009100;2009114;13;1EL96592;P2;2;OY;16.6;10.7;16.9;11.1;1EP48321;EPY;24;1;FA47;2009FA47;2009;0.10359714;YEARLING;8;2;25
BO1-2009;2009102;2009116;10;1EP48306;2;2;YY;16.1;11.3;16.8;12.7;1EP47419;WPY;26;0;BO1-;2009BO1-;2009;-0.0353992;YEARLING;9;0;0
FO9D2009;2009102;2009116;12;1EP48313;P2;2;OY;17.1;NA;17.7;12.2;1EP48314;WPY;26;0;FO9D;2009FO9D;2009;NA;YEARLING;11;0;0
BJ4B2009;2009102;2009116;12;1EL98857;P2;P2;OO;17;11.5;16;13.6;1EP46046;WPY;26;0;BJ4B;2009BJ4B;2009;-0.048447184;OLDER;10;0;0
FO722009;2009103;2009117;12;1EP46228;2;2;YY;16.8;11.8;16.4;11.6;1EP48309;WPY;27;0;FO72;2009FO72;2009;-0.138023327;YEARLING;9;0;0
FO59B2009;2009104;2009118;11;1EP48312;2;2;YY;16.9;11.4;16.7;10.6;1EP48317;WPY;28;0;FO59B;2009FO59B;2009;-0.138023327;YEARLING;8;0;0
OJ2042009;2009104;2009118;12;1EP48348;2;2;YY;17.3;11.6;16.9;10.7;1EP48347;WPY;28;0;OJ204;2009OJ204;2009;-0.075955307;YEARLING;7;0;0
TU88B2009;2009104;2009118;12;1EP48371;2;2;YY;17.4;11.4;15.8;11.4;1EP48377;EPY;28;1;TU88B;2009TU88B;2009;0.009889867;YEARLING;12;3;25
TU1772009;2009104;2009118;10;1EP48366;P2;P2;OO;16.7;10.9;16.7;11.4;1EP48346;EPY;28;1;TU177;2009TU177;2009;NA;OLDER;10;1;10
FP62009;2009104;2009118;13;1EP48368;P2;2;OY;17.6;11.4;17.1;12.6;1EP48367;EPY;28;1;FP6;2009FP6;2009;-0.017573973;YEARLING;12;2;16.66666667
RO20B2009;2009105;2009119;10;1EP48319;2;P2;YO;17.6;11.5;16.2;11.5;1EP48318;WPY;29;0;RO20B;2009RO20B;2009;0.10359714;OLDER;10;0;0
BO102009;2009105;2009119;11;1EP48361;2;P2;YO;17;12.1;16.8;NA;1EP48362;WPY;29;0;BO10;2009BO10;2009;0.007003169;OLDER;11;0;0
RW37C2009;2009105;2009119;11;1EP48355;P2;NA;NA;17.2;12.5;17;10.5;1EP48356;WPY;29;0;RW37C;2009RW37C;2009;0.02626746;NA;11;0;0
TU112009;2009105;2009119;11;1EP48364;P2;P2;OO;16.7;12;16.2;11.6;1EP48365;EPY;29;1;TU11;2009TU11;2009;NA;OLDER;10;1;10
TU179B2009;2009106;2009120;10;1EP48868;2;2;YY;17.3;12;17.6;10.8;1EP48358;WPY;30;0;TU179B;2009TU179B;2009;-0.102827581;YEARLING;9;0;0
FKIII112009;2009106;2009120;11;1EP48354;2;2;YY;16.7;11.9;16.6;11.4;1EP48353;EPY;30;1;FKIII11;2009FKIII11;2009;0.124972903;YEARLING;10;2;20
TU23B2009;2009106;2009120;9;1EP48334;P2;2;OY;17.1;11.2;15.1;10.9;1EP48335;EPY;30;1;TU23B;2009TU23B;2009;NA;YEARLING;9;1;11.11111111
FKIII22009;2009107;2009121;9;1EP48351;2;NA;NA;16.9;11.6;NA;NA;1EP48352;EPY;31;1;FKIII2;2009FKIII2;2009;-0.048447184;NA;9;2;22.22222222
OJ155B2010;2010097;2010111;12;1EP47565;NA;P2;NA;16.1;10.8;15.66;11.1;1EP47410;EPY;21;1;OJ155B;2010OJ155B;2010;-0.08657087;OLDER;11;1;9.090909091
BO52010;2010099;2010113;11;1EP48665;P2;P2;OO;17.17;11.3;16.48;11.7;1EP48126;WPY;23;0;BO5;2010BO5;2010;0.011565842;OLDER;8;0;0
FA272010;2010101;2010115;11;1EP48896;P2;2;OY;17.24;11.7;16.24;9.5;NA;WPY;25;0;FA27;2010FA27;2010;-0.084238832;YEARLING;10;0;0
TU58B2010;2010103;2010117;9;1EP48661;2;P2;YO;18.8;10.9;NA;NA;1EP48372;WPY;27;0;TU58B;2010TU58B;2010;-0.007014147;OLDER;10;0;0
RO2B2010;2010103;2010117;10;1ER02234;2;2;YY;16.8;11.7;17.28;11.5;1EP46426;EPY;27;1;RO2B;2010RO2B;2010;-0.078760571;YEARLING;10;2;20
RW16D2010;2010103;2010117;11;1EP46448;NA;2;NA;17.23;11.4;16.4;11.7;1EP46478;EPY;27;1;RW16D;2010RW16D;2010;-0.024588833;YEARLING;9;2;22.22222222
RO72010;2010104;2010118;13;1EP47578;2;P2;YO;17.02;10.8;16.3;11.5;1EP46425;EPY;28;1;RO7;2010RO7;2010;0.035904891;OLDER;10;1;10
OJ190B2010;2010104;2010118;10;1EP47101;P2;P2;OO;17.13;12.9;16.74;11.3;1EP47397;WPY;28;0;OJ190B;2010OJ190B;2010;NA;OLDER;9;0;0
FA432010;2010104;2010118;11;1EP48332;P2;2;OY;15.69;10.7;14.6;15.56;1EP46485;WPY;28;0;FA43;2010FA43;2010;-0.003374784;YEARLING;9;0;0
OJ1052010;2010104;2010118;12;1ER02211;P2;P2;OO;17.63;11.2;16.19;11.1;1EP48349;WPY;28;0;OJ105;2010OJ105;2010;0.108776775;OLDER;9;0;0
AN15C2010;2010105;2010119;11;1EP46176;P2;2;OY;16.53;11.7;16.59;11.2;1ER02001;EPY;29;1;AN15C;2010AN15C;2010;0.27538159;YEARLING;11;1;9.090909091
OJ1332010;2010106;2010120;10;1ER02212;P2;NA;NA;16.76;11.7;NA;NA;1EP48123;WPY;30;0;OJ133;2010OJ133;2010;0.001323534;NA;10;0;0
PS22010;2010106;2010120;12;1EP48149;P2;P2;OO;17.2;11.2;16.47;11.7;1EP46459;WPY;30;0;PS2;2010PS2;2010;NA;OLDER;10;0;0
FO812010;2010107;2010121;11;1ER02204;P2;2;OY;17.15;11.9;15.06;11.1;1EP46481;WPY;31;0;FO81;2010FO81;2010;0.068678317;YEARLING;8;0;0
BJ5B2010;2010110;2010124;11;NA;NA;2;NA;NA;NA;16.16;10.8;1EP46435;EPY;34;1;BJ5B;2010BJ5B;2010;-0.143953366;YEARLING;10;0;0
FO632010;2010111;2010125;11;1EP47447;P2;P2;OO;17.05;11.3;16.72;11.1;1EP47399;WPY;35;0;FO63;2010FO63;2010;0.013505437;OLDER;11;0;0
FO19D2011;2011100;2011114;13;1ER03664;2;P2;YO;17.25;12.1;16.95;10.1;1EP48302;EPY;24;1;FO19D;2011FO19D;2011;-0.110394213;OLDER;12;2;16.66666667
BO82011;2011101;2011115;11;1ER03630;2;2;YY;17.41;11.1;17.06;11.2;NA;WPY;25;0;BO8;2011BO8;2011;-0.057928022;YEARLING;8;0;0
FP122011;2011101;2011115;12;NA;NA;NA;NA;NA;NA;NA;NA;NA;WPY;25;0;FP12;2011FP12;2011;0.047567854;NA;10;0;0
RO15C2011;2011101;2011115;12;1EP47371;P2;P2;OO;17.37;11;16.54;11.4;1EL34800;WPY;25;0;RO15C;2011RO15C;2011;-0.109688037;OLDER;11;0;0
GR492011;2011101;2011115;12;1ER03655;P2;NA;NA;17.74;11.8;NA;NA;NA;EPY;25;1;GR49;2011GR49;2011;-0.169163879;NA;11;2;18.18181818
AN15C2011;2011102;2011116;12;1ER03665;2;P2;YO;17.62;12.3;16.85;10.8;1EP46486;EPY;26;1;AN15C;2011AN15C;2011;-0.110394213;OLDER;12;3;25
RE4C2011;2011102;2011116;11;NA;NA;2;NA;NA;NA;16.85;10.2;1ER03610;WPY;26;0;RE4C;2011RE4C;2011;-0.13167745;YEARLING;7;0;0
BO22011;2011102;2011116;12;1EP48361;P2;P2;OO;16.94;11.5;16.44;10.2;1EP46452;WPY;26;0;BO2;2011BO2;2011;NA;OLDER;11;0;0
OJ1802011;2011103;2011117;10;1ER03674;2;2;YY;17.1;12.7;16.32;10.8;1ER03675;EPY;27;1;OJ180;2011OJ180;2011;0.114004625;YEARLING;9;3;33.33333333
FP22011;2011103;2011117;10;1ER03641;2;2;YY;18.03;11.8;17.11;11.2;1ER03642;EPY;27;1;FP2;2011FP2;2011;-0.127485215;YEARLING;9;2;22.22222222
BS54B2011;2011103;2011117;12;1ER03610;2;P2;YO;17.03;11.4;15.73;11.7;1ER03611;WPY;27;0;BS54B;2011BS54B;2011;0.013345119;OLDER;12;0;0
FO12011;2011103;2011117;14;1ER03682;2;2;YY;17.56;11.8;16.42;10.6;1ER03681;WPY;27;0;FO1;2011FO1;2011;0.002586544;YEARLING;13;0;0
AN32011;2011103;2011117;10;1EP48127;P2;2;OY;16.55;11.6;16.28;11.1;1ER03643;EPY;27;1;AN3;2011AN3;2011;0.044540566;YEARLING;10;1;10
BS28B2011;2011103;2011117;12;1ER03603;P2;P2;OO;17.62;NA;15.85;NA;1ER03604;WPY;27;0;BS28B;2011BS28B;2011;NA;OLDER;12;0;0
BS23B2011;2011104;2011118;10;1ER03606;2;NA;NA;17.92;NA;15.98;NA;1ER03605;EPY;28;1;BS23B;2011BS23B;2011;-0.146955253;NA;10;5;50
AN16B2011;2011104;2011118;13;1ER03692;NA;2;NA;16.21;11.6;15.49;10.4;1ER03666;WPY;28;0;AN16B;2011AN16B;2011;-0.018794847;YEARLING;9;0;0
BO6-2011;2011104;2011118;13;1EP48665;P2;2;OY;17.22;10.4;16.72;10;1ER03628;EPY;28;1;BO6-;2011BO6-;2011;-0.106594636;YEARLING;12;2;16.66666667
OJ1852011;2011105;2011119;12;1EP46797;2;2;YY;16.34;10.4;16.92;11.4;1ER03673;WPY;29;0;OJ185;2011OJ185;2011;-0.109688037;YEARLING;11;0;0
OJ842011;2011106;2011120;10;1ER03676;2;2;YY;18.03;11.6;16.53;11.7;1ER03672;WPY;30;0;OJ84;2011OJ84;2011;-0.094283763;YEARLING;10;0;0
OJ2072011;2011106;2011120;11;1EP47352;2;2;YY;17.25;11.5;16.82;10.5;1ER03317;WPY;30;0;OJ207;2011OJ207;2011;-0.01965044;YEARLING;11;0;0
OJ1862011;2011106;2011120;12;1ER03690;2;2;YY;16.48;10.3;16.56;10.6;1ER03316;EPY;30;1;OJ186;2011OJ186;2011;-0.01965044;YEARLING;12;1;8.333333333
RO8D2011;2011107;2011121;12;1ER03098;P2;P2;OO;17.45;11.1;17.29;11.5;1EP46468;WPY;31;0;RO8D;2011RO8D;2011;0.211767653;OLDER;11;0;0
BJ18C2011;2011108;2011122;10;1ER03691;P2;P2;OO;17.41;11.5;15.62;11.4;1EP48512;WPY;32;0;BJ18C;2011BJ18C;2011;NA;OLDER;9;0;0
FA482011;2011109;2011123;12;1ER03684;2;2;YY;16.93;11.3;16.52;10.9;1ER03683;WPY;33;0;FA48;2011FA48;2011;0.116338848;YEARLING;11;0;0
BO3B2011;2011110;2011124;8;1ER03699;2;2;YY;17.23;12.5;15.66;10.6;1ER03627;WPY;34;0;BO3B;2011BO3B;2011;NA;YEARLING;3;0;0
RO16B2011;2011111;2011125;10;1EP48171;P2;2;OY;17.25;11.4;16.37;10.9;1ER03679;WPY;35;0;RO16B;2011RO16B;2011;0.114004625;YEARLING;10;0;0
FA36B2012;2012100;2012114;12;1ER03678;P2;P2;OO;17.42;11.5;15.81;11.1;1EP48322;WPY;23;0;FA36B;2012FA36B;2012;-0.093578479;OLDER;10;0;0
BS712012;2012101;2012115;11;NA;NA;2;NA;NA;NA;16.97;10.7;1ET42106;WPY;24;0;BS71;2012BS71;2012;-0.112510256;YEARLING;10;0;0
RE4C2012;2012102;2012116;10;1ET42557;2;2;YY;16.3;11.3;NA;NA;NA;WPY;25;0;RE4C;2012RE4C;2012;-0.112510256;YEARLING;3;0;0
OJ1002012;2012102;2012116;11;1ET42276;2;2;YY;17.9;11.8;16.25;10.7;1ET41599;EPY;25;1;OJ100;2012OJ100;2012;NA;YEARLING;9;1;11.11111111
BJ4B2012;2012102;2012116;11;1ET42697;2;2;YY;17.35;12.6;NA;NA;NA;WPY;25;0;BJ4B;2012BJ4B;2012;-0.138873478;YEARLING;6;0;0
RE132012;2012103;2012117;12;1ER02671;2;2;YY;16.92;11.7;15.88;11.1;1ET42019;WPY;26;0;RE13;2012RE13;2012;-0.018497934;YEARLING;12;0;0
TU73B2012;2012103;2012117;12;1ET42395;2;2;YY;17.01;10.7;17.24;11.2;1ET42396;WPY;26;0;TU73B;2012TU73B;2012;0.098565083;YEARLING;11;0;0
BS262012;2012103;2012117;13;1ET42103;2;P2;YO;17.67;12.3;16.68;10.7;1ET42104;WPY;26;0;BS26;2012BS26;2012;0.098565083;OLDER;10;0;0
RE32012;2012103;2012117;13;NA;NA;2;NA;NA;NA;16.9;10.8;1ET42558;WPY;26;0;RE3;2012RE3;2012;NA;YEARLING;13;0;0
BS462012;2012104;2012118;11;1ET42553;2;2;YY;17.1;11.1;16.9;10.7;1ER03201;WPY;27;0;BS46;2012BS46;2012;-0.112510256;YEARLING;10;0;0
FA82012;2012104;2012118;12;1ET42608;2;2;YY;16.73;11.5;16.5;10.2;1ET42609;WPY;27;0;FA8;2012FA8;2012;NA;YEARLING;9;0;0
OL102012;2012104;2012118;12;1ET42141;2;P2;YO;17.75;12.1;15.86;10.9;1EP48329;WPY;27;0;OL10;2012OL10;2012;0.157385071;OLDER;12;0;0
OJ1342012;2012104;2012118;12;1ET42264;2;2;YY;16.7;11.4;16.67;11.8;1ET42265;EPY;27;1;OJ134;2012OJ134;2012;NA;YEARLING;11;2;18.18181818
BJ92012;2012104;2012118;13;1ET41498;2;P2;YO;16.59;11.2;16.65;10.7;1ET41497;WPY;27;0;BJ9;2012BJ9;2012;-0.072563964;OLDER;13;0;0
BJ282012;2012105;2012119;11;1ET41531;2;2;YY;15.9;10.8;15.93;9.8;1ET41532;EPY;28;1;BJ28;2012BJ28;2012;-0.02289597;YEARLING;11;1;9.090909091
FA292012;2012105;2012119;11;1ER02567;2;P2;YO;16.55;11.7;15.73;10.9;1ET42031;EPY;28;1;FA29;2012FA29;2012;-0.018497934;OLDER;11;4;36.36363636
TU982012;2012105;2012119;11;1ET42515;2;NA;NA;17.29;11.9;NA;NA;NA;WPY;28;0;TU98;2012TU98;2012;0.098565083;NA;3;0;0
BJ132012;2012105;2012119;12;1ET41529;2;2;YY;16.58;10.8;15.6;10;1ER03530;EPY;28;1;BJ13;2012BJ13;2012;-0.029475679;YEARLING;10;1;10
BJ212012;2012105;2012119;12;1ET41534;2;2;YY;16.65;11.7;16.29;11;1ET41533;WPY;28;0;BJ21;2012BJ21;2012;-0.152248509;YEARLING;12;0;0
RN262012;2012105;2012119;12;1ER02994;2;2;YY;17.36;12;17.07;11.4;1ER02993;WPY;28;0;RN26;2012RN26;2012;0.099116182;YEARLING;11;0;0
GR612012;2012105;2012119;12;1ET42510;2;NA;NA;17.72;11.2;NA;NA;NA;WPY;28;0;GR61;2012GR61;2012;-0.000508412;NA;3;0;0
TU23B2012;2012105;2012119;13;1ER03600;P2;P2;OO;16.99;11.5;16.94;11.1;1ER03694;EPY;28;1;TU23B;2012TU23B;2012;0.027000812;OLDER;10;1;10
FP172012;2012106;2012120;9;1ET42002;2;P2;YO;17.37;12.5;16.18;10.9;1ET42003;EPY;29;1;FP17;2012FP17;2012;-0.055692711;OLDER;3;1;33.33333333
TU42012;2012106;2012120;13;1ER02799;2;P2;YO;17.15;10.8;17.12;10.5;1ER03637;EPY;29;1;TU4;2012TU4;2012;-0.055692711;OLDER;13;3;23.07692308
RE48B2012;2012106;2012120;10;NA;NA;2;NA;NA;NA;15.6;10.2;1ER02701;WPY;29;0;RE48B;2012RE48B;2012;0.026987914;YEARLING;10;0;0
FO122012;2012106;2012120;12;1EL96728;P2;P2;OO;17.4;11.8;17.3;11.3;1ER03700;EPY;29;1;FO12;2012FO12;2012;NA;OLDER;3;1;33.33333333
FA102012;2012107;2012121;10;1ER03133;2;2;YY;17.67;12.2;16.56;10.3;1ET41597;EPY;30;1;FA10;2012FA10;2012;0.026987914;YEARLING;10;3;30
BJ172012;2012107;2012121;10;1ET42099;2;2;YY;17.5;12;16.31;NA;1ET42098;WPY;30;0;BJ17;2012BJ17;2012;-0.072563964;YEARLING;3;0;0
TU36B2012;2012107;2012121;11;1ET41499;2;2;YY;17.46;11.2;15.69;10.7;1ET41557;EPY;30;1;TU36B;2012TU36B;2012;0.244819107;YEARLING;11;1;9.090909091
RN182012;2012107;2012121;11;1ET42604;2;2;YY;17.3;11.3;17.13;11.1;1ET42603;EPY;30;1;RN18;2012RN18;2012;NA;YEARLING;11;1;9.090909091
RO112012;2012107;2012121;13;1ER03271;2;2;YY;17.1;11.9;17.04;NA;1ER02939;EPY;30;1;RO11;2012RO11;2012;0.045366344;YEARLING;13;4;30.76923077
RO1B2012;2012107;2012121;11;1ER03098;P2;P2;OO;17.5;11.6;16.7;11.6;1ER02745;WPY;30;0;RO1B;2012RO1B;2012;0.032419111;OLDER;11;0;0
RO15C2012;2012107;2012121;13;1EP47371;P2;P2;OO;17.15;10.5;17.09;9.7;1EP46483;WPY;30;0;RO15C;2012RO15C;2012;NA;OLDER;11;0;0
RE41D2012;2012107;2012121;13;1EP46492;P2;2;OY;18.06;11.3;16.04;10.1;1ER02933;EPY;30;1;RE41D;2012RE41D;2012;0.030861711;YEARLING;13;1;7.692307692
AN282012;2012107;2012121;13;1ER03665;P2;2;OY;17.13;12.2;15.87;10.7;1ET41578;EPY;30;1;AN28;2012AN28;2012;-0.072563964;YEARLING;13;3;23.07692308
FP71B2012;2012108;2012122;10;1ET42198;2;2;YY;17;11.7;17.4;10.8;1ET42197;EPY;31;1;FP71B;2012FP71B;2012;0.032419111;YEARLING;3;3;100
FO532012;2012108;2012122;12;1ET42971;P2;P2;OO;16.6;10.4;17.1;10.7;1ET42972;WPY;31;0;FO53;2012FO53;2012;NA;OLDER;12;0;0
FK1B2012;2012108;2012122;12;1ET42981;P2;P2;OO;17.7;11.5;16.34;10.8;1ER03706;WPY;31;0;FK1B;2012FK1B;2012;0.045366344;OLDER;12;0;0
KT142012;2012109;2012123;9;1ET41536;2;P2;YO;16.72;10.8;16.53;10.6;1ER02201;WPY;32;0;KT14;2012KT14;2012;NA;OLDER;9;0;0
OL162012;2012109;2012123;11;1ET42600;2;2;YY;16.67;11.2;NA;11.8;1ET42601;WPY;32;0;OL16;2012OL16;2012;0.157385071;YEARLING;10;0;0
FP48B2012;2012109;2012123;11;1ET42969;2;P2;YO;18.4;11.7;16.9;NA;1ER03324;WPY;32;0;FP48B;2012FP48B;2012;NA;OLDER;10;0;0
RN112012;2012109;2012123;12;1EP47388;P2;2;OY;17.29;11.2;17.13;10.7;1ER02992;EPY;32;1;RN11;2012RN11;2012;-0.024280924;YEARLING;9;1;11.11111111
OJ1312012;2012109;2012123;12;1ER03634;P2;2;OY;16.31;11.7;15.95;11.5;1ET42877;WPY;32;0;OJ131;2012OJ131;2012;0.053149102;YEARLING;9;0;0
OL112012;2012110;2012124;10;1ET42143;2;2;YY;17.2;12.2;17.21;11.1;1ET42142;WPY;33;0;OL11;2012OL11;2012;-0.093578479;YEARLING;3;0;0
FA412012;2012110;2012124;10;1ER02935;2;2;YY;16.8;NA;16.59;11.4;1ER02934;WPY;33;0;FA41;2012FA41;2012;0.030861711;YEARLING;10;0;0
AN172012;2012110;2012124;11;1ET42985;2;2;YY;17;11.2;16.17;9.7;1ET42856;WPY;33;0;AN17;2012AN17;2012;NA;YEARLING;11;0;0
KT92012;2012110;2012124;11;1EP48121;2;2;YY;17.06;11.6;16.44;10.9;1ET42735;EPY;33;1;KT9;2012KT9;2012;NA;YEARLING;10;2;20
FO2C2012;2012110;2012124;12;1ET41775;2;2;YY;17.7;11;16.7;10.7;1ET41776;WPY;33;0;FO2C;2012FO2C;2012;NA;YEARLING;12;0;0
RM32012;2012110;2012124;9;1ET41563;P2;2;OY;16.65;11;16.28;11.3;1ET41564;WPY;33;0;RM3;2012RM3;2012;-0.111455438;YEARLING;9;0;0
FKIII72012;2012111;2012125;10;1ET41598;2;2;YY;16.62;11.6;16.18;11.3;1ET41577;WPY;34;0;FKIII7;2012FKIII7;2012;NA;YEARLING;7;0;0
OJ1332012;2012113;2012127;8;1ER03319;P2;2;OY;17.1;11.3;16.7;10.8;1ER03318;WPY;36;0;OJ133;2012OJ133;2012;-0.018497934;YEARLING;3;0;0
RW362012;2012114;2012128;11;1ET42512;2;NA;NA;17.05;10.1;NA;NA;NA;WPY;37;0;RW36;2012RW36;2012;NA;NA;9;0;0
FKII52012;2012118;2012132;13;1ET50495;2;P2;YO;16.89;11.6;17.19;11.4;1ER03342;WPY;41;0;FKII5;2012FKII5;2012;NA;OLDER;3;0;0
SK16;2013109;2013123;9;1ET50692;P2;P2;OO;16.9;11.2;10.7;16.6;1ER02054;WPY;33;0;SK16;;2013;;;;;
FA23B;2013111;2013125;11;1ER02567;P2;P2;OO;16.5;NA;11.3;16.4;1ET50839;WPY;35;0;FA23B;;2013;;;;;
RN40;2013111;2013125;11;1ET98200;P2;P2;OO;16.5;11.5;10.4;16.6;1ET50840;WPY;35;0;RN40;;2013;;;;;
RM062013;2013111;2013125;13;1ET41563;P2;2;OY;16.8;11.1;10.7;16.6;1ET50841;EPP;35;1;RM06;;2013;;;;;
OL132013;2013112;2013126;12;1ET98203;2;P2;YO;16.5;11;11.2;16.7;1ET50850;EPP;36;1;OL13;;2013;;;;;
GR51;2013112;2013126;11;1EP46449;P2;P2;OO;16.5;11.6;10.9;16.5;1ET42556;WPY;36;0;GR51;;2013;;;;;
RN202013;2013113;2013127;9;1ET98202;2;2;YY;18;11.4;11.6;16.6;1ET50843;EPP;37;1;RN20;;2013;;;;;
OL052013;2013113;2013127;11;1ET98206;2;P2;YO;17;11.5;10.2;16.7;1ET50842;EPP;37;1;OL05;;2013;;;;;
GR19;2013114;2013128;10;1ET42510;P2;2;OY;16.5;10.9;10.6;16.7;1ET50845;WPY;38;0;GR19;;2013;;;;;
RO252013;2013114;2013128;12;1ET50838;P2;P2;OO;17.2;11.6;10.3;16.1;1ET42993;EPP;38;1;RO25;;2013;;;;;
RW312013;2013114;2013128;12;1ET42512;P2;P2;OO;17.3;11.6;11.4;16.6;1ET50849;EPP;38;1;RW31;;2013;;;;;
SK252013;2013115;2013129;11;1ET98207;2;P2;YO;16.9;12.1;10.1;16.5;1ET50394;EPP;39;1;SK25;;2013;;;;;
FKII6;2013115;2013129;11;1ET41380;2;P2;YO;17.6;11.7;11.6;16.5;1ET50846;WPY;39;0;FKII06;;2013;;;;;
FKN7;2013115;2013129;11;1ET50056;2;2;YY;16.4;11.1;10.5;16.8;1ET50847;WPY;39;0;FKN07;;2013;;;;;
FO2C;2013115;2013129;12;1ET98204;2;2;YY;16.7;10.2;10.6;16;1ET50852;WPY;39;0;FO02C;;2013;;;;;
SK27;2013115;2013129;12;1ET98208;2;2;YY;17.2;12.1;11.3;16.7;1ET50851;WPY;39;0;SK27;;2013;;;;;
FO50;2013115;2013129;10;1ET98201;P2;P2;OO;16.4;10.7;11.7;16.1;1ET50844;WPY;39;0;FO50;;2013;;;;;
BS47;2013115;2013129;12;1ET98212;P2;2;OY;17.5;10.8;9.7;15.8;1ET50121;WPY;39;0;BS47;;2013;;;;;
AN222013;2013116;2013130;11;1ET50557;2;P2;YO;16.9;10.3;10.7;17;1ET42502;EPP;40;1;AN22;;2013;;;;;
FP09A2013;2013116;2013130;11;1ET98210;P2;P2;OO;17.8;12.4;11.3;17.3;1EP48367;EPP;40;1;FP09A;;2013;;;;;
BS48;2013116;2013130;12;1ET98180;P2;P2;OO;16.6;10.8;10.6;16.7;1ET50856;WPY;40;0;BS48;;2013;;;;;
FP16;2013117;2013131;10;1ET98211;2;2;YY;17.3;10.3;11.5;16.8;1ET50854;WPY;41;0;FP16A;;2013;;;;;
GR7;2013117;2013131;11;1ET98205;2;P2;YO;17.4;11.6;10.6;17.5;1ET50855;WPY;41;0;GR07;;2013;;;;;
FP63;2013117;2013131;11;1ET42198;P2;2;OY;17.2;11.4;10.2;16;1ET41389;WPY;41;0;FP63A;;2013;;;;;
FK07C2013;2013117;2013131;12;1ER03269;P2;P2;OO;17.8;12.2;11.4;16.1;1ET50864;EPP;41;1;FK07C;;2013;;;;;
OJ2132013;2013118;2013132;12;1ET98182;2;2;YY;16.9;10.3;11;16.9;1ET50867;EPP;42;1;OJ213;;2013;;;;;
FO18C2013;2013118;2013132;11;1ET41697;P2;P2;OO;18.2;11.3;11.7;17.4;1ET50858;EPP;42;1;FO18C;;2013;;;;;
BS682013;2013119;2013133;9;1ET42317;2;P2;YO;16.4;10.5;11.3;17;1ET42973;EPP;43;1;BS68;;2013;;;;;
FK12B;2013119;2013133;10;1ET98179;2;2;YY;17.4;11.7;10.8;16.8;1ER02976;WPY;43;0;FK12B;;2013;;;;;
RO5B;2013119;2013133;12;1ET98197;2;2;YY;17.5;11;11;16.4;1ET50865;WPY;43;0;RO05B;;2013;;;;;
PS11;2013119;2013133;9;1ET42995;P2;P2;OO;17.8;12.1;11.7;17.2;1EP46485;WPY;43;0;PS11;;2013;;;;;
RN46;2013120;2013134;9;1ET98209;2;2;YY;17.2;11.5;11.3;17;1ET50868;WPY;44;0;RN46;;2013;;;;;
FO19C;2013120;2013134;12;1ET50063;2;2;YY;16.8;11.2;10.8;16.7;1ET50862;WPY;44;0;FO19C;;2013;;;;;
RO23;2013120;2013134;9;1ET98183;P2;2;OY;16.7;11.3;10.7;16.7;1ET50866;WPY;44;0;RO23;;2013;;;;;
FP29B;2013121;2013135;9;1ET98199;2;2;YY;17.5;11.9;11.4;16.4;1ET50863;WPY;45;0;FP29B;;2013;;;;;
FO53;2013122;2013136;10;1ET50551;2;2;YY;17.1;11.2;11.1;17;1ET50876;WPY;46;0;FO53;;2013;;;;;
FO82A2014;2014100;2014114;11;1EX15406;2;P2;YO;17.1;11.2;10.9;16.3;1ET41765;NA;24;0;FO82A;;2014;;;;;
FON127A2014;2014100;2014114;13;1EX15426;2;P2;YO;17.6;11.4;10.9;15.8;1EX15027;EPY;24;1;FON127A;;2014;;;;;
FO27A2014;2014100;2014114;11;1ET41967;P2;P2;OO;17.3;12.4;11.4;16.1;1ET50844;NA;24;0;FO27A;;2014;;;;;
FA23B2014;2014100;2014114;12;1ER02567;P2;2;OY;16.4;11.4;11.2;17.1;1EX15003;WPY;24;0;FA23B;;2014;;;;;
FO12A2014;2014101;2014115;12;1EX15417;2;P2;YO;17.6;11.8;10.4;16.6;1EX15010;WPY;25;0;FO12A;;2014;;;;;
AN13A2014;2014102;2014116;10;1EX15427;P2;2;OY;17.2;11.6;NA;NA;1EX15012;EPY;26;1;AN13A;;2014;;;;;
FO6B2014;2014102;2014116;11;1ET41699;P2;P2;OO;16.7;11.3;11.2;17.5;1EX15008;WPY;26;0;FO6B;;2014;;;;;
FK27B2014;2014103;2014117;9;1EX15431;2;2;YY;16.6;10.8;10.9;16.5;1EX15031;WPY;27;0;FK27B;;2014;;;;;
FKN6A2014;2014103;2014117;10;1EX15420;2;2;YY;17.5;12.1;10.6;16.8;1EX15013;NA;27;0;FKN6A;;2014;;;;;
OJ123A2014;2014103;2014117;10;1ER03528;P2;P2;OO;17.4;10.6;10.6;16.7;1ER03318;NA;27;0;OJ123A;;2014;;;;;
BO42014;2014103;2014117;14;1ER03699;P2;P2;OO;17.4;11.6;10.4;16.2;1ET42889;EPY;27;1;BO4;;2014;;;;;
FK6D2014;2014104;2014118;10;1EX15433;2;P2;YO;16.8;10.9;NA;NA;1EX15035;WPY;28;0;FK6D;;2014;;;;;
KT1A2014;2014104;2014118;11;1EX15423;2;2;YY;17.1;12;11.4;16.7;1EX15011;EPY;28;1;KT1A;;2014;;;;;
FO19C2014;2014104;2014118;10;1ET50063;P2;2;OY;16.7;11.4;10.7;17.4;1ET97049;WPY;28;0;FO19C;;2014;;;;;
AN6B2014;2014104;2014118;13;1EX15435;P2;P2;OO;16.7;10.1;11;16.8;1EX15032;NA;28;0;AN6B;;2014;;;;;
AN25A2014;2014105;2014119;11;1EX15434;2;2;YY;17.7;11.6;10.3;16.8;1EX15019;EPY;29;1;AN25A;;2014;;;;;
FO5B2014;2014105;2014119;12;1ER02523;P2;P2;OO;17.4;10.8;10.8;15.5;1ET42844;NA;29;0;FO5B;;2014;;;;;
AN25B2014;2014106;2014120;10;1EX15425;2;2;YY;18;11.5;10.9;17.2;1ET98137;NA;30;0;AN25B;;2014;;;;;
FO36A2014;2014106;2014120;11;1ER02995;P2;P2;OO;16.4;10.5;10.9;17;1EP48576;NA;30;0;FO36A;;2014;;;;;
FP5A2014;2014106;2014120;12;1ET98210;P2;2;OY;17.7;12.6;11.2;17;1EX15033;EPY;30;1;FP5A;;2014;;;;;
FA18A2014;2014106;2014120;13;1ET97080;P2;2;OY;17.4;11.7;10.4;16.8;1EX15044;NA;30;0;FA18A;;2014;;;;;
FK26A2014;2014107;2014121;9;1EX15419;2;2;YY;17.1;11.2;11.2;16.6;1EX15025;NA;31;0;FK26A;;2014;;;;;
OJ130A2014;2014107;2014121;11;1EX15436;2;2;YY;16.9;12;10.2;16.2;1EX15036;NA;31;1;OJ130A;;2014;;;;;
FO4A2014;2014107;2014121;11;1EX15429;2;2;YY;17.4;11.2;10.2;16.6;1ET50996;NA;31;0;FO4A;;2014;;;;;
FA40A2014;2014107;2014121;12;1ER02935;P2;2;OY;17.1;11.9;11.1;16.4;1EX15029;NA;31;0;FA40A;;2014;;;;;
FP1C2014;2014109;2014123;12;1ER03641;P2;2;OY;17.8;11.6;10.3;15.7;1ET97122;NA;33;0;FP1C;;2014;;;;;
RW37C2015;2015100;2015114;11;1EX14400;2;P2;YO;11.7;16.9;12.3;17.3;1EX15770;WPY;24;0;RW37C;;2015;;;;;
FO112015;2015101;2015115;9;1EX15064;P2;2;OY;11.1;16.7;NA;NA;1EX15777;WPY;25;0;FO11;;2015;;;;;
FA342015;2015101;2015115;13;1ER02567;P2;2;OY;12;16.3;10.3;16.3;1EX15776;WPY;25;0;FA34;;2015;;;;;
AN15C2015;2015102;2015116;10;1EX30032;2;P2;YO;10.8;16.55;11.3;16.12;1EX30031;WPY;26;0;AN15C;;2015;;;;;
RM102015;2015102;2015116;10;1ET96598;2;P2;YO;11.5;16.6;10.8;16.8;1ET97489;WPY;26;0;RM10;;2015;;;;;
RE42B2015;2015102;2015116;11;1ET96599;2;2;YY;11.5;16.9;10.3;16.6;1EX15774;WPY;26;0;RE42B;;2015;;;;;
AL27A2015;2015102;2015116;10;1EX14164;P2;P2;OO;10.95;16.15;10.61;16.25;1EX14163;WPY;26;0;AL27A;;2015;;;;;
FK12D2015;2015102;2015116;11;1EX14407;P2;P2;OO;11.8;16.5;10.8;16.5;1EX15780;WPY;26;0;FK12D;;2015;;;;;
AN022015;2015103;2015117;10;1EX15382;2;2;YY;12.5;17.7;10.8;16.6;1EX15786;EPP;27;1;AN02;;2015;;;;;
FK14D2015;2015103;2015117;8;1ET98179;P2;2;OY;11.5;17.3;10.5;17;1ET96571;WPY;27;0;FK14D;;2015;;;;;
FO18D2015;2015103;2015117;10;1ET50063;P2;2;OY;11.4;16.8;NA;NA;1ET98371;WPY;27;0;FO18D;;2015;;;;;
OJ2022015;2015103;2015117;11;1EX14418;P2;P2;OO;10.9;17.3;NA;NA;1ET96523;WPY;27;0;OJ202;;2015;;;;;
BS20A2015;2015104;2015118;7;1EX14423;2;2;YY;10.7;16.7;11;16.8;1EX15797;WPY;28;0;BS20A;;2015;;;;;
RW30A2015;2015104;2015118;10;1EX15214;2;2;YY;11;16.8;25.36;9.87;1EX15792;WPY;28;0;RW30;;2015;;;;;
RW15E2015;2015104;2015118;10;1EX14404;2;P2;YO;10.6;17.2;10.4;16.7;1EX15785;WPY;28;0;RW15E;;2015;;;;;
FO19C2015;2015104;2015118;11;1EX14408;2;2;YY;11.5;17.1;10.8;16.8;1EX15795;WPY;28;0;FO19C;;2015;;;;;
RS15A2015;2015104;2015118;7;1ER02463;P2;2;OY;11.2;17;10.2;16.1;1ET97735;WPY;28;0;RS15A;;2015;;;;;
BO03A2015;2015104;2015118;9;1ET96924;P2;P2;OO;11;17.1;NA;NA;1EX15789;WPY;28;0;BO03A;;2015;;;;;
RO30B2015;2015105;2015119;5;1EX14430;2;P2;YO;11;16.8;11;17;1EX14428;WPY;29;0;RO30B;;2015;;;;;
AN11B2015;2015105;2015119;10;1EX30085;2;2;YY;10.8;16.77;11;16.66;1EX30084;WPY;29;0;AN11B;;2015;;;;;
FKIII022015;2015105;2015119;7;1EX14420;P2;2;OY;11.7;18.1;10.5;16.8;1EX15790;EPP;29;1;FKIII02;;2015;;;;;
BK142015;2015106;2015120;8;1EX14416;2;P2;YO;10.6;17.4;9.6;14.9;1EX15791;WPY;30;0;BK14A;;2015;;;;;
FK06A2015;2015106;2015120;9;1ET96532;P2;2;OY;11.8;17.3;11.2;16.1;1EX14431;WPY;30;0;FK06A;;2015;;;;;
OL04A2015;2015106;2015120;9;1ET50971;P2;2;OY;10.8;17.1;11.6;16.5;1EX15778;WPY;30;0;OL04A;;2015;;;;;
FK40A2015;2015106;2015120;NA;1EX15411;P2;2;OY;10.4;17;11.4;17;1ET96572;WPY;30;0;FK40A;;2015;;;;;
AN1A2015;2015107;2015121;10;1EX30029;2;2;YY;12.2;17.4;11.7;16.23;1EX30030;WPY;31;0;AN1A;;2015;;;;;
RON28B2015;2015108;2015122;10;1EX14426;2;2;YY;11.1;17.9;10.4;15.3;1ET96573;EPP;32;1;RO28B;;2015;;;;;
FK16D2015;2015108;2015122;9;1EX15359;P2;P2;OO;11.5;16.7;11.1;16.7;1ET96576;WPY;32;0;FK16D;;2015;;;;;
RN242015;2015109;2015123;11;1EX14425;2;P2;YO;12.1;17.7;9.9;17;1EX15793;WPY;33;0;RN24;;2015;;;;;
FKII002015;2015109;2015123;8;1ET97892;P2;2;OY;11.5;17.1;10.5;16.3;1EX15798;EPP;33;1;FKII0;;2015;;;;;
FK02D2015;2015110;2015124;10;1EX15393;2;P2;YO;11.4;17.3;11.1;16.8;1EX15043;EPP;34;1;FK02D;;2015;;;;;
FAG20A2015;2015111;2015125;NA;1ET50886;P2;P2;OO;11.6;17.29;10.2;15.72;1EX15002;EPP;35;1;FAG20A;;2015;;;;;
BO102015;2015112;2015126;10;1EX14424;P2;P2;OO;10.5;17.3;10.3;16.2;1ET50627;WPY;36;0;BO10;;2015;;;;;
RO04A2015;2015114;2015128;10;1EX14438;2;P2;YO;11.3;17.2;NA;NA;1ET96579;WPY;38;0;RO04A;;2015;;;;;
FO02D2015;2015114;2015128;9;1ET41985;P2;2;OY;11.5;18;11.1;17;1ET96578;WPY;38;0;FO02D;;2015;;;;;
BS31B2015;2015114;2015128;9;1EX14437;P2;P2;OO;11.2;16.9;10.4;17.1;1ET96575;WPY;38;0;BS31B;;2015;;;;;
RW222015;2015115;2015129;7;1EX14432;2;2;YY;10.4;15.8;NA;16.3;1ET96595;WPY;39;0;RW22;;2015;;;;;
RO20A2015;2015115;2015129;9;1EX15222;2;2;YY;11.7;17.1;10.7;16;1ET96581;WPY;39;0;RO20A;;2015;;;;;
FA362015;2015115;2015129;10;1EX14440;2;2;YY;10;16.4;11;16.6;1ET96271;WPY;39;0;FA36;;2015;;;;;
RS372015;2015115;2015129;10;1EX14453;P2;P2;OO;11.5;17.9;NA;NA;1ET96593;WPY;39;0;RS37;;2015;;;;;
BS62A2015;2015117;2015131;9;1EX14441;P2;2;OY;11.1;17.3;11.2;16.1;1EX15070;WPY;41;0;BS62;;2015;;;;;
RN182015;2015120;2015134;8;1EX14449;2;2;YY;9.9;15.6;11.1;15.7;1EX14450;WPY;44;0;RN18;;2015;;;;;
BJG15A2015;2015120;2015134;NA;1ET41498;P2;P2;OO;11.4;16.87;12.5;17.15;1ET97019;WPY;44;0;BJG15A;;2015;;;;;
FKN12015;2015128;2015142;8;1EX14447;P2;2;OY;12.1;16.9;10.2;15.8;1EX14448;WPY;52;0;FKN01;;2015;;;;;
OL19A2016;2016099;2016113;10;1EX15651;P2;P2;OO;16;10.85;10.88;16.76;1EX30050;WPY;22;0;OL19A;;2016;;;;;
GR13A2016;2016100;2016114;10;1EX28914;P2;2;OY;16.56;11.34;11.29;17.2;1EX14570;WPY;23;0;GR13A;;2016;;;;;
BS31A2016;2016100;2016114;11;1EX14437;P2;2;OY;16.94;11.35;10.55;15.72;1EX28908;EPP;23;1;BS31A;;2016;;;;;
TU19A2016;2016100;2016114;11;1EX28922;P2;P2;OO;16.72;11.1;10.85;16.3;1ET97233;WPY;23;0;TU19A;;2016;;;;;
RN48A2016;2016101;2016115;8;1EX30308;2;P2;YO;16.39;11.37;11.09;15.95;1EX15789;WPY;24;0;RN48A;;2016;;;;;
RO35A2016;2016101;2016115;9;1EX15935;2;P2;YO;16.99;11.34;11.3;16.82;1ET98080;WPY;24;0;RO35A;;2016;;;;;
PS3A2016;2016101;2016115;9;1ET96710;2;P2;YO;16.5;10.84;11.47;16.82;1ET50686;WPY;24;0;PS3A;;2016;;;;;
OL10A2016;2016101;2016115;9;1EX30358;2;P2;YO;17.36;10.03;10.32;17.08;1EX30359;WPY;24;0;OL10A;;2016;;;;;
RM13A2016;2016101;2016115;NA;1EX30339;2;2;YY;17;11.51;10.87;16.01;1ET96891;WPY;24;0;RM13A;;2016;;;;;
RW17B2016;2016101;2016115;10;1EX14188;P2;P2;OO;15.87;10.78;11.59;16.81;1EX28911;WPY;24;0;RW17B;;2016;;;;;
RW23A2016;2016101;2016115;11;1EX28909;P2;2;OY;17.67;11.93;12.29;16.72;1EX28910;EPP;24;1;RW23A;;2016;;;;;
RN8A2016;2016101;2016115;11;1EX30080;P2;P2;OO;16.25;11.23;11.12;16.74;1EX30079;WPY;24;0;RN8A;;2016;;;;;
RO11B2016;2016102;2016116;9;1EX30361;2;2;YY;16.78;11.89;11.14;16.35;1EX30360;WPY;25;0;RO11B;;2016;;;;;
AL11A2016;2016102;2016116;10;1EX30378;2;2;YY;16.93;10.34;10.42;17.18;1EX30377;WPY;25;0;AL11A;;2016;;;;;
TUN48A2016;2016102;2016116;10;1EX28923;2;NA;NA;16.42;11.25;NA;NA;NA;WPY;25;0;TUN48A;;2016;;;;;
GR50A2016;2016102;2016116;11;1EX28917;2;2;YY;17.06;10.41;10.94;17.05;1EX28916;EPP;25;1;GR50A;;2016;;;;;
FK43A2016;2016102;2016116;9;NA;NA;NA;NA;NA;NA;NA;NA;NA;WPY;25;0;FK43A;;2016;;;;;
FA45B2016;2016102;2016116;8;1EX30380;P2;2;OY;16.67;12.2;11.79;16.24;1EX30023;EPP;25;1;FA45B;;2016;;;;;
RM27A2016;2016102;2016116;10;1ET96054;P2;P2;OO;16.18;10.45;11.46;16.7;1EX30067;EPP;25;1;RM27A;;2016;;;;;
FON101A2016;2016102;2016116;10;1ET50704;P2;P2;OO;17.82;12.09;10.98;16.9;1EX14166;WPY;25;0;FON101A;;2016;;;;;
AL2A2016;2016102;2016116;11;1EX30348;P2;P2;OO;16.94;NA;10.83;16;1ET98227;WPY;25;0;AL2A;;2016;;;;;
RM18A2016;2016103;2016117;8;1EX15975;2;2;YY;16.88;11.43;10.73;16.57;1EX30307;WPY;26;0;RM18A;;2016;;;;;
RO5B2016;2016103;2016117;8;1EX28913;2;2;YY;17.8;11.72;11.25;16.98;1EX28912;WPY;26;0;RO5B;;2016;;;;;
RM16A2016;2016103;2016117;11;1EX30343;2;2;YY;15.62;10.71;10.78;16.14;1EX30342;WPY;26;0;RM16A;;2016;;;;;
FO12C2016;2016103;2016117;11;1EX14128;2;2;YY;16.26;10.9;10.97;16.5;1EX28950;WPY;26;0;FO12C;;2016;;;;;
GR62A2016;2016103;2016117;11;1EX28915;2;P2;YO;16.84;11.7;10.34;16.72;1EX30369;WPY;26;0;GR62A;;2016;;;;;
RN27A2016;2016103;2016117;9;1ET96326;P2;2;OY;16.41;11.15;10.86;16.34;1EX30365;EPP;26;1;RN27A;;2016;;;;;
RN18A2016;2016103;2016117;10;1EX30374;P2;P2;OO;17.08;11.77;10.89;16.16;1EX30373;EPP;26;1;RN18A;;2016;;;;;
RN43A2016;2016103;2016117;11;1EX15134;P2;P2;OO;17.77;12.02;11.9;15.55;1ET97895;WPY;26;0;RN43A;;2016;;;;;
GR49A2016;2016103;2016117;11;1EX28918;P2;P2;OO;17.58;11.63;11.33;16.59;Z685417;WPY;26;0;GR49A;;2016;;;;;
AN23A2016;2016103;2016117;11;1ET96397;P2;P2;OO;16.92;11.18;11.41;16.79;1ET97881;WPY;26;0;AN23A;;2016;;;;;
FA4A2016;2016104;2016118;10;1EX28949;2;2;YY;16.67;11.37;10.54;16.19;1EX28948;EPP;27;1;FA4A;;2016;;;;;
FK40A2016;2016104;2016118;11;1EX30304;2;2;YY;16.98;10.59;11.8;16.2;1EX30303;WPY;27;0;FK40A;;2016;;;;;
KT5A2016;2016104;2016118;13;1ET50881;P2;2;OY;16.86;11.1;11.72;16.93;1EX30382;EPP;27;1;KT5A;;2016;;;;;
RN1A2016;2016105;2016119;10;1EX30385;2;2;YY;16.56;11.5;10.74;16.82;1EX30384;WPY;28;0;RN1A;;2016;;;;;
TU26A2016;2016105;2016119;9;1EX30082;P2;2;OY;16.87;11.1;11.07;16.31;1EX28961;EPP;28;1;TU26A;;2016;;;;;
FP6B2016;2016106;2016120;8;1EX14233;2;P2;YO;16.71;9.8;10.86;16.78;1EX14428;EPP;29;1;FP6B;;2016;;;;;
FP11A2016;2016106;2016120;10;1EX14517;2;P2;YO;17.04;11.64;11.17;17.08;1ET41698;WPY;29;0;FP11A;;2016;;;;;
RS45A2016;2016106;2016120;11;1EX30396;2;P2;YO;17.3;11.65;NA;16.66;1EX30395;WPY;29;0;RS45A;;2016;;;;;
RM5A2016;2016106;2016120;8;1ET96598;P2;2;OY;16.78;12.15;10.58;15.43;1EX30366;WPY;29;0;RM5A;;2016;;;;;
AN17A2016;2016106;2016120;11;1ET97047;P2;2;OY;17.96;11.42;11.64;17.29;1EX14210;EPP;29;1;AN17A;;2016;;;;;
FO36A2016;2016107;2016121;8;1EX30033;P2;2;OY;17.05;10.52;10.09;16.07;1EX14146;WPY;30;0;FO36A;;2016;;;;;
RN14A2016;2016107;2016121;8;1EX14449;P2;2;OY;15.34;10.17;11.51;16.36;1EX14388;WPY;30;0;RN14A;;2016;;;;;
RN53A2016;2016108;2016122;9;1EX28643;2;2;YY;17.27;11.58;10.56;16.11;1EX28642;WPY;31;0;RN53A;;2016;;;;;
AN20A2016;2016108;2016122;10;1EX28965;NA;P2;NA;16.5;11.24;11.37;16.55;1EX30030;WPY;31;0;AN20A;;2016;;;;;
FP8A2016;2016108;2016122;8;1EX28955;P2;2;OY;16.81;11.37;10.13;16.5;1EX28954;WPY;31;0;FP8A;;2016;;;;;
AN1A2016;2016109;2016123;8;1EX28952;2;2;YY;16.93;10.82;10.81;16.75;1EX28953;WPY;32;0;AN1A;;2016;;;;;
BS22A2016;2016109;2016123;11;1EX28970;2;2;YY;17.19;11.21;11.32;16.24;1EX28969;EPP;32;1;BS22A;;2016;;;;;
FP48B2016;2016109;2016123;9;1EX50071;P2;2;OY;16.42;11.58;11.1;17.21;1EX28951;WPY;32;0;FP48B;;2016;;;;;
FON113A2016;2016110;2016124;9;1EX28958;2;2;YY;17.26;11.42;11.02;16.33;1EX28959;EPP;33;1;FON113A;;2016;;;;;
FA6A2016;2016110;2016124;10;1EX14344;2;2;YY;17.35;11.09;10.69;15.62;1EX29101;WPY;33;0;FA6A;;2016;;;;;
FO19B2016;2016110;2016124;10;1EX29118;2;2;YY;16.4;10.9;10.79;15.72;1EX29119;WPY;33;0;FO19B;;2016;;;;;
GR61A2016;2016110;2016124;10;1EX28963;P2;2;OY;17.36;NA;10.52;16.08;1EX28962;WPY;33;0;GR61A;;2016;;;;;
FP2B2016;2016110;2016124;10;1EX14451;P2;2;OY;17.19;11.71;10.98;17.15;1EX28966;WPY;33;0;FP2B;;2016;;;;;
AN3C2016;2016113;2016127;8;1EX28964;P2;P2;OO;17.69;11.7;11.52;16.08;1EX14177;EPP;36;1;AN3C;;2016;;;;;